location,source,target,,
app/jinja_filters.py:105 app/jinja_filters.py:248 app/validation/validators.py:296,%(num)s year,%(num)s blwyddyn,,
app/jinja_filters.py:105 app/jinja_filters.py:248 app/validation/validators.py:296,%(num)s years,%(num)s o flynyddoedd,,
app/jinja_filters.py:107 app/validation/validators.py:298,%(num)s month,%(num)s mis,,
app/jinja_filters.py:107 app/validation/validators.py:298,%(num)s months,%(num)s o fisoedd,,
app/jinja_filters.py:175,%(date)s at %(time)s,%(date)s am %(time)s,,
app/jinja_filters.py:258 app/jinja_filters.py:306,%(from_date)s to %(to_date)s,%(from_date)s i %(to_date)s,,
app/forms/date_form.py:215,Select month,Dewiswch y mis,,
app/templates/confirmation.html:3 app/templates/confirmation.html:12,Submit answers,Cyflwynwch atebion,,
app/templates/confirmation.html:8 app/templates/interstitial.html:3,Continue,Parhau,,
app/templates/confirmation.html:10,"Yes, I confirm these are correct","Ydw, rwy'n cadarnhau bod y rhain yn gywir",,
app/templates/confirmation.html:12,Submitting,Yn cyflwyno,,
app/templates/feedback.html:2 app/templates/feedback.html:7,Survey feedback,Adborth yr arolwg,,
app/templates/feedback_sent.html:3 app/templates/feedback_sent.html:9,Thank you for your feedback,Diolch am eich adborth,,
app/templates/feedback_sent.html:8 app/templates/thank-you.html:8 app/themes/social/templates/thank-you.html:8,Submission successful,Cyflwynwyd yn llwyddiannus,,
app/templates/feedback_sent.html:13,It is now safe to close this window,Mae nawr yn ddiogel i gau'r ffenestr hon,,
app/templates/introduction.html:26 app/themes/northernireland/templates/introduction.html:22,You are completing this for <span>%(ru_name)s</span> (%(trading_as_name)s),Rydych chi'n cwblhau hwn ar gyfer <span>%(ru_name)s</span> (%(trading_as_name)s),,
app/templates/introduction.html:30 app/themes/northernireland/templates/introduction.html:26,You are completing this for <span>%(ru_name)s</span>,Rydych chi'n cwblhau hwn ar gyfer <span>%(ru_name)s</span>,,
app/templates/introduction.html:35,If the company details or structure have changed contact us on %(telephone_number)s or email %(email_address)s,"Os yw manylion neu strwythur y cwmni wedi newid, cysylltwch â ni ar %(telephone_number)s neu e-bost % (email_address)s",,
app/templates/introduction.html:57,Your response is legally required,Mae eich ymateb yn ofynnol yn gyfreithiol,,
app/templates/multiple_survey.html:7,Information,Gwybodaeth,,
app/templates/multiple_survey.html:10,Unfortunately you can only complete one survey at a time,"Yn anffodus, gallwch gwblhau un arolwg yn unig ar y tro",,
app/templates/multiple_survey.html:11,Close this window to continue with your current survey,Caewch y ffenestr hon i barhau â'ch arolwg presennol,,
app/templates/question.html:9,This page has an error,Mae gwall ar y dudalen hon,,
app/templates/question.html:9,This page has %(num)s errors,Mae %(num)s o wallau ar y dudalen hon,,
app/templates/question.html:12,This <strong>must be corrected</strong> to continue,Mae'n <strong>rhaid cywiro hwn<strong> cyn parhau,,
app/templates/question.html:12,These <strong>must be corrected</strong> to continue,Mae'n <strong>rhaid cywiro'r rhain<strong> cyn parhau,,
app/templates/session-expired.html:4,Session expired,Daeth y sesiwn i ben,,
app/templates/session-expired.html:9,Your session has expired,Mae eich sesiwn wedi dod I ben,,
app/templates/session-expired.html:13,To help protect your information we have signed you out,Er mwyn helpu i ddiogelu eich gwybodaeth rydym wedi'ch allgofnodi,,
app/templates/session-expired.html:16 app/templates/signed-out.html:13,Return to your account,Dychwelyd i'ch cyfrif,,
app/templates/signed-out.html:3,Signed out,Fe'ch allgofnodwyd,,
app/templates/signed-out.html:9,Your survey answers have been saved. You are now signed out,Mae atebion eich arolwg wedi'u cadw. Rydych chi nawr wedi'ch allgofnodi,,
app/templates/summary.html:4,Summary,Crynodeb,,
app/templates/summary.html:19,Check your answers and submit,Gwiriwch eich atebion a'u cyflwyno,,
app/templates/summary.html:21,Please remember to submit these answers,Cofiwch gyflwyno'r atebion hyn,,
app/templates/summary.html:24,Please submit this survey to complete it,Cyflwynwch yr arolwg hwn i'w gwblhau,,
app/templates/summary.html:25,You can check your answers below,Gallwch wirio eich atebion isod,,
app/templates/summary.html:33,This section is now complete,Mae'r adran hon nawr wedi'I chwblhau,,
app/templates/summary.html:34,You can review your answers below,Gallwch adolygu eich atebion isod,,
app/templates/summary.html:41,Please review your answers and confirm these are correct,Adolygwch eich atebion a chadarnhewch fod y rhain yn gywir,,
app/templates/summary.html:54,You will have the opportunity to view, save or print a copy of your answers after submitting this survey,You will have the opportunity to view, save or print a copy of your answers after submitting this survey,,
app/templates/thank-you.html:3 app/themes/social/templates/thank-you.html:3,We've received your answers,Rydym wedi derbyn eich atebion,,
app/templates/thank-you.html:15,Your answers were submitted for <span>%(ru_name)s</span> (%(trading_as_name)s) on %(submitted_date_time)s,Cyflwynwyd eich atebion ar gyfer <span>%(ru_name)s</span> (%(trading_as_name)s) ar %(submitted_date_time)s,,
app/templates/thank-you.html:20,Your answers were submitted for <span>%(ru_name)s</span> on %(submitted_date_time)s,Cyflwynwyd eich atebion ar gyfer <span>%(ru_name)s</span> ar %(submitted_date_time)s,,
app/templates/thank-you.html:25 app/templates/view-submission.html:26,Transaction ID,ID Gweithredu,,
app/templates/thank-you.html:30,Your answers will be processed in the next few weeks,Bydd eich atebion yn cael eu prosesu yn yr wythnosau nesaf,,
app/templates/thank-you.html:31,We may contact you to query your answers via phone or secure message,Efallai y byddwn yn cysylltu â chi i holi am eich atebion drwy eich ffonio neu drwy neges ddiogel,,
app/templates/thank-you.html:38 app/themes/social/templates/thank-you.html:19,View, save or print a copy of your answers,View, save or print a copy of your answers,,
app/templates/thank-you.html:39 app/themes/social/templates/thank-you.html:20,Your answers will only be available for <b>%(duration)s</b> to keep them secure.,Bydd eich atebion ar gael am <b>%(duration)s</b> yn unig i'w cadw'n ddiogel,,
app/templates/thank-you.html:44 app/themes/social/templates/thank-you.html:25,You are no longer able to view and print your answers,Nid ydych bellach yn gallu gweld ac argraffu eich atebion,,
app/templates/thank-you.html:45 app/themes/social/templates/thank-you.html:26,The link expires to maintain the security of your information,Mae'r ddolen yn dod i ben er mwyn cadw eich gwybodaeth yn ddiogel,,
app/templates/thank-you.html:54,For more information on how we use this data,I gael mwy o wybodaeth ynghylch sut rydym yn defnyddio'r data hwn,,
app/templates/view-submission.html:4,Submission,Cyflwyno,,
app/templates/view-submission.html:9,Submitted answers,Atebion a gyflwynwyd,,
app/templates/view-submission.html:16,Your answers were submitted for <span>%(ru_name)s</span> (%(trading_as_name)s) on %(submitted_time)s,Cyflwynwyd eich atebion ar gyfer <span>%(ru_name)s</span> (%(trading_as_name)s) ar %(submitted_time)s,,
app/templates/view-submission.html:21,Your answers were submitted for <span>%(ru_name)s</span> on %(submitted_time)s,Cyflwynwyd eich atebion ar gyfer  <span>%(ru_name)s</span> ar %(submitted_time)s,,
app/templates/view-submission.html:30,Print this page,Argraffu'r dudalen hon,,
app/templates/layouts/_base.html:13,ONS Survey,Arolwg y SYG,,
app/templates/layouts/_base.html:80,Skip to content,Neidio i'r cynnwys,,
app/templates/layouts/_base.html:93,Hide sections,Cuddio adrannau,,
app/templates/layouts/_base.html:93,View sections,Edrych ar adrannau,,
app/templates/layouts/_error.html:3 app/templates/layouts/_error.html:6,Error,Gwall,,
app/templates/layouts/_error.html:8,"Sorry, something has gone wrong","Mae'n ddrwg gennym, mae rhywbeth wedi mynd o'i le",,
app/templates/layouts/_error.html:10,Please quote this reference for any support queries,Dyfynnwch y cyfeirnod hwn ar gyfer unrhyw ymholiadau cymorth,,
app/templates/layouts/_error.html:17,"Os yw'r broblem yn parhau, ffoniwch %(tel_num)s","Os yw'r broblem yn parhau, ffoniwch %(tel_num)s",,
app/templates/layouts/_error.html:23,Your system information,Eich gwybodaeth system,,
app/templates/layouts/_questionnaire.html:33,Save and continue,Cadw a pharhau,,
app/templates/layouts/_questionnaire.html:37,Save and complete later,Cadw a chwblhau yn nes ymlaen,,
app/templates/partials/answer-guidance.html:10 app/templates/partials/question-definition.html:9,Hide this,Cuddio hwn,,
app/templates/partials/block.html:6,Section,Adran,,
app/templates/partials/feedback/js_feedback_form.html:5 app/templates/partials/feedback_form.html:5,How can we improve this survey,Sut y gallwn wella'r arolwg hwn,,
app/templates/partials/answers/textarea.html:32 app/templates/partials/feedback/js_feedback_form.html:7 app/templates/partials/feedback_form.html:7,Characters remaining,Llythrennau sy'n weddill,,
app/templates/partials/feedback/js_feedback_form.html:12 app/templates/partials/feedback_form.html:12,Name (optional),Enw (opsiynol),,
app/templates/partials/feedback/js_feedback_form.html:14 app/templates/partials/feedback_form.html:14,Please include your name and email address if you’re interested in taking part in further research to improve this survey,Rhowch eich enw a'ch cyfeiriad e-bost os oes gennych ddiddordeb mewn cymryd rhan mewn ymchwil pellach i wella'r arolwg hwn,,
app/templates/partials/feedback/js_feedback_form.html:20 app/templates/partials/feedback_form.html:20,Email address (optional),Cyfeiriad e-bost (opsiynol),,
app/templates/partials/feedback/js_feedback_form.html:24 app/templates/partials/feedback_form.html:24,Send feedback,Anfon adborth,,
app/templates/partials/footer-transactional.html:8 app/templates/partials/footer.html:20 app/templates/static/contact-us.html:26 app/themes/census/templates/partials/footer-transactional.html:12 app/themes/census/templates/partials/footer.html:24 app/themes/northernireland/templates/partials/footer-transactional.html:12 app/themes/northernireland/templates/partials/footer.html:24 app/themes/social/templates/static/contact-us.html:26,Contact us,Cysylltu â ni,,
app/templates/partials/footer-transactional.html:11 app/templates/partials/footer.html:9 app/themes/census/templates/partials/footer-transactional.html:15 app/themes/census/templates/partials/footer.html:13 app/themes/northernireland/templates/partials/footer-transactional.html:15 app/themes/northernireland/templates/partials/footer.html:13,Cookies and privacy,Cwcis a phreifatrwydd,,
app/templates/partials/footer-transactional.html:17 app/templates/partials/footer.html:43 app/themes/census/templates/partials/footer-transactional.html:21 app/themes/census/templates/partials/footer.html:47 app/themes/northernireland/templates/partials/footer-transactional.html:21 app/themes/northernireland/templates/partials/footer.html:47,"All content is available under the %(class_open)sOpen Government Licence v3.0%(class_close)s, except where otherwise stated","Mae'r holl gynnwys ar gael o dan %(class_open)s y Drwydded Llywodraeth Leol v3.0 %(class_close)s, oni bai y nodir fel arall",,
app/templates/partials/footer.html:6 app/themes/census/templates/partials/footer.html:10 app/themes/northernireland/templates/partials/footer.html:10,Legal information,Gwybodaeth gyfreithiol,,
app/templates/partials/footer.html:14 app/themes/census/templates/partials/footer.html:18 app/themes/northernireland/templates/partials/footer.html:18,About ONS,Ynghylch y SYG,,
app/templates/partials/footer.html:17 app/themes/census/templates/partials/footer.html:21 app/themes/northernireland/templates/partials/footer.html:21,What we do,Yr hyn rydym yn ei wneud,,
app/templates/partials/footer.html:23 app/themes/census/templates/partials/footer.html:27 app/themes/northernireland/templates/partials/footer.html:27,Accessibility,Hygyrchedd,,
app/templates/partials/footer.html:28 app/themes/census/templates/partials/footer.html:32 app/themes/northernireland/templates/partials/footer.html:32,Statistics,Ystadegau,,
app/templates/partials/footer.html:31 app/themes/census/templates/partials/footer.html:35 app/themes/northernireland/templates/partials/footer.html:35,UK Statistics Authority,Awdurdod Ystadegau'r DU,,
app/templates/partials/footer.html:34 app/themes/census/templates/partials/footer.html:38 app/themes/northernireland/templates/partials/footer.html:38,Release calendar,Rhyddhau calendr,,
app/templates/partials/footer.html:37 app/themes/census/templates/partials/footer.html:41 app/themes/northernireland/templates/partials/footer.html:41,News,Newyddion,,
app/templates/partials/main-navigation.html:5 app/templates/partials/services-navigation.html:4,My account,Fy nghyfrif,,
app/templates/partials/previous-link.html:5,Previous,Blaenorol,,
app/templates/partials/section-navigation.html:3,Sections,Adrannau,,
app/templates/partials/timeout.html:12,Your session is about to expire,Mae eich sesiwn ar fin dod i ben,,
app/templates/partials/timeout.html:26,Continuing,Yn parhau,,
app/templates/partials/timeout.html:26,Continue survey,Parhau'r arolwg,,
app/templates/partials/timeout.html:28,Save and sign out,Cadw ac allgofnodi,,
app/templates/partials/answers/date.html:5,Day,Dydd,,
app/templates/partials/answers/date.html:13,Month,Mis,,
app/templates/partials/answers/date.html:21,Year,Blwyddyn,,
app/templates/partials/feedback/expandable_inline.html:1,Thanks for your feedback,Diolch am eich adborth,,
app/templates/partials/feedback/expandable_inline.html:4,Is there anything wrong with this page,Oes rhywbeth o'i le gyda'r dudalen hon,,
app/templates/partials/feedback/expandable_inline.html:7,I don't want to provide feedback,Nid wyf yn dymuno rhoi adborth,,
app/templates/partials/introduction/preview.html:22 app/templates/partials/summary/collapsible-summary.html:3,Hide all,Cuddio popeth,,
app/templates/partials/introduction/preview.html:22 app/templates/partials/introduction/preview.html:23 app/templates/partials/summary/collapsible-summary.html:3,Show all,Dangos popeth,,
app/templates/partials/introduction/preview.html:31 app/templates/partials/summary/collapsible-summary.html:12,Hide,Cuddio,,
app/templates/partials/introduction/preview.html:31 app/templates/partials/summary/collapsible-summary.html:12,Show,Dangos,,
app/templates/partials/introduction/start-survey.html:5,Start survey,Cychwyn yr arolwg,,
app/templates/partials/questions/repeatinganswer.html:16 app/templates/partials/questions/repeatinganswer.html:21,Remove,Dileu,,
app/templates/partials/questions/repeatinganswer.html:17 app/templates/partials/questions/repeatinganswer.html:27,Person ,Unigolyn,,
app/templates/partials/questions/repeatinganswer.html:19,You,Chi,,
app/templates/partials/questions/repeatinganswer.html:22,Person,Unigolyn,,
app/templates/partials/questions/repeatinganswer.html:49,Add another person,Ychwanegu unigolyn arall,,
app/templates/partials/questions/repeatinganswer.html:50,Selecting this will add a new set of fields to enter another person,Bydd dewis hwn yn ychwanegu set newydd o feysydd i ychwanegu unigolyn arall,,
app/templates/partials/summary/answer-summary.html:20 app/templates/partials/summary/edit-link.html:6,Change,Newid,,
app/templates/partials/summary/answer-summary.html:22 app/templates/partials/summary/edit-link.html:7,Change your answer for: %(title)s. The current value is: %(value)s,Newid eich ateb i: %(title)s. Y gwerth cyfredol yw: %(value)s,,
app/templates/partials/summary/answer.html:2 app/templates/partials/summary/checkbox.html:7 app/templates/partials/summary/radio.html:6,No answer provided,Ni roddwyd ateb,,
app/templates/partials/widgets/multiple_choice_widget.html:14,Select all that apply,Dewiswch bopeth sy'n gymwys,,
app/templates/partials/widgets/multiple_choice_widget.html:20 app/templates/partials/widgets/multiple_choice_widget.html:51,Or,Neu,,
app/templates/partials/widgets/multiple_choice_widget.html:51,Selecting this will uncheck all other checkboxes,Bydd dewis hwn yn dad-dicio pob blwch gwirio arall,,
app/templates/partials/widgets/multiple_choice_widget.html:59,deselected,dad-ddewiswyd,,
app/templates/static/contact-us.html:4 app/templates/static/cookies-privacy.html:3,ONS Business Surveys,Arolygon Busnes y SYG,,
app/templates/static/contact-us.html:30 app/templates/static/cookies-privacy.html:235 app/templates/static/cookies-privacy.html:391 app/templates/static/cookies-privacy.html:400 app/themes/social/templates/static/contact-us.html:30 app/themes/social/templates/static/cookies-privacy.html:161 app/themes/social/templates/static/cookies-privacy.html:299 app/themes/social/templates/static/cookies-privacy.html:308,Telephone,Ffôn,,
app/templates/static/contact-us.html:37,Please quote the reference <b>%(ru_ref)s</b> when contacting ONS about this survey.,Dyfynnwch y cyfeirnod <b>% (ru_ref) s </ b> wrth gysylltu â'r SYG am yr arolwg hwn.,,
app/templates/static/contact-us.html:40,Your Survey ID is <b>%(survey_id)s</b>.,Eich ID Arolwg yw <b>%(survey_id)s</b>.,,
app/templates/static/contact-us.html:44 app/themes/social/templates/static/contact-us.html:37,Opening hours,Oriau agor,,
app/templates/static/contact-us.html:46,Monday to Thursday 8:30am – 5:00pm,Dydd Llun i ddydd Iau 8:30am - 5:00pm,,
app/templates/static/contact-us.html:47,Friday 8:30am - 4:30pm,Dydd Gwener 8:30am - 4:30pm,,
app/templates/static/contact-us.html:50 app/themes/social/templates/static/contact-us.html:44,This office is closed during public holidays,Mae'r swyddfa hon ar gau yn ystod gwyliau cyhoeddus,,
app/templates/static/contact-us.html:52 app/templates/static/cookies-privacy.html:235 app/templates/static/cookies-privacy.html:391 app/templates/static/cookies-privacy.html:400 app/themes/social/templates/static/contact-us.html:46 app/themes/social/templates/static/cookies-privacy.html:299 app/themes/social/templates/static/cookies-privacy.html:308,Email,E-bost,,
app/templates/static/contact-us.html:58 app/themes/social/templates/static/contact-us.html:52,Post,Post,,
app/templates/static/cookies-privacy.html:26 app/themes/social/templates/static/cookies-privacy.html:26,Cookies and Privacy,Cwcis a phreifatrwydd,,
app/templates/static/cookies-privacy.html:29,The Office for National Statistics (ONS) has created this cookies and privacy statement in order to demonstrate our firm commitment to privacy.,Mae'r Swyddfa Ystadegau Gwladol (y SYG) wedi creu'r cwcis a'r datganiad preifatrwydd hwn er mwyn dangos ein hymrwymiad cadarn i breifatrwydd.,,
app/templates/static/cookies-privacy.html:31,"The following is a description of what data is collected when you use the Survey Data Collection (SDC) service, how it is stored and what it is used for.","Mae'r canlynol yn ddisgrifiad o ba ddata a gesglir pan fyddwch chi'n defnyddio'r gwasanaeth Casglu Data Arolwg (SDC), sut y cânt eu storio ac i ba ddiben y maent yn cael eu defnyddio.",,
app/templates/static/cookies-privacy.html:35 app/themes/social/templates/static/cookies-privacy.html:35,Privacy,Preifatrwydd,,
app/templates/static/cookies-privacy.html:39,Your privacy is very important to us. We comply with confidentiality requirements set out in the Statistics and Registration Service Act 2007 and the Data Protection Act 1998.,Mae eich preifatrwydd yn bwysig iawn i ni. Rydym yn cydymffurfio â gofynion cyfrinachedd a nodir yn Neddf y Gwasanaeth Ystadegau a Chofrestru 2007 a Deddf Diogelu Data 1998.,,
app/templates/static/cookies-privacy.html:41 app/themes/social/templates/static/cookies-privacy.html:41,We can only use your information for research and statistical purposes. None of your personal information is disclosed through our statistics.,Gallwn ddefnyddio'ch gwybodaeth yn unig ar gyfer dibenion ymchwil ac ystadegol. Ni ddatgelir dim o'ch gwybodaeth bersonol trwy ein hystadegau.,,
app/templates/static/cookies-privacy.html:46 app/themes/social/templates/static/cookies-privacy.html:46,Security,Diogelwch,,
app/templates/static/cookies-privacy.html:50 app/themes/social/templates/static/cookies-privacy.html:50,"We ensure that the information you provide is kept safe and secure. We have security measures in place to protect the loss, misuse and alteration of information under our control.","Rydym yn sicrhau bod y wybodaeth a ddarperir gennych yn cael ei chadw'n ddiogel. Mae gennym fesurau diogelwch ar waith i ddiogelu colled, camddefnydd ac addasu gwybodaeth o dan ein rheolaeth.",,
app/templates/static/cookies-privacy.html:52 app/themes/social/templates/static/cookies-privacy.html:52,We use leading security technologies such as industry-standard encryption software. This service has been accredited in accordance with government technical and security standards.,Rydym yn defnyddio technolegau diogelwch blaenllaw megis meddalwedd amgryptio safonol y diwydiant. Mae'r gwasanaeth hwn wedi'i achredu yn unol â safonau technegol a diogelwch y llywodraeth.,,
app/templates/static/cookies-privacy.html:56 app/themes/social/templates/static/cookies-privacy.html:56,Cookies,Cwcis,,
app/templates/static/cookies-privacy.html:60 app/themes/social/templates/static/cookies-privacy.html:60,We use small files (known as ‘cookies’) to collect information about how you browse the site.,Rydym yn defnyddio ffeiliau bach (a elwir yn 'cwcis') i gasglu gwybodaeth am sut rydych yn pori'r wefan.,,
app/templates/static/cookies-privacy.html:62 app/themes/social/templates/static/cookies-privacy.html:62,Cookies are used to,Defnyddir cwcis ar gyfer,,
app/templates/static/cookies-privacy.html:65 app/themes/social/templates/static/cookies-privacy.html:65,Measure how you use the website so it can be updated and improved based on your needs,Mesur sut rydych yn defnyddio'r wefan fel y gellir ei diweddaru a'i gwella yn seiliedig ar eich anghenion,,
app/templates/static/cookies-privacy.html:67 app/themes/social/templates/static/cookies-privacy.html:67,Remember the notifications you’ve seen so that we don’t show them to you again,Cofiwch yr hysbysiadau rydych wedi'u gweld fel na fyddwn yn eu dangos i chi eto,,
app/templates/static/cookies-privacy.html:71 app/themes/social/templates/static/cookies-privacy.html:71,Our cookies are not used to identify you personally.,Ni ddefnyddir ein cwcis i'ch adnabod yn bersonol.,,
app/templates/static/cookies-privacy.html:75 app/themes/social/templates/static/cookies-privacy.html:75,How cookies are used,Sut y defnyddir y cwcis,,
app/templates/static/cookies-privacy.html:79 app/themes/social/templates/static/cookies-privacy.html:79,Measuring website usage (Google Analytics),Mesur defnydd gwefan (Google Analytics),,
app/templates/static/cookies-privacy.html:81 app/themes/social/templates/static/cookies-privacy.html:81,"We use Google Analytics software to collect information about how you use this service. We do this to help make sure the site is meeting the needs of its users and to help us make improvements, for example improving site search.","Rydym yn defnyddio meddalwedd Google Analytics i gasglu gwybodaeth am sut rydych yn defnyddio'r gwasanaeth hwn. Rydym yn gwneud hyn i helpu i sicrhau bod y wefan yn bodloni anghenion ei defnyddwyr ac i'n helpu i wneud gwelliannau, er enghraifft gwella'r safle i chwilio.",,
app/templates/static/cookies-privacy.html:83 app/themes/social/templates/static/cookies-privacy.html:83,Google Analytics stores information about,Mae Google Analytics yn cadw gwybodaeth am,,
app/templates/static/cookies-privacy.html:86 app/themes/social/templates/static/cookies-privacy.html:86,The pages you visit,Y tudalennau rydych yn edrych arnynt,,
app/templates/static/cookies-privacy.html:87 app/themes/social/templates/static/cookies-privacy.html:87,How long you spend on each page,Faint o amser rydych yn ei dreulio ar bob tudalen,,
app/templates/static/cookies-privacy.html:88 app/themes/social/templates/static/cookies-privacy.html:88,How you got to the site,Sut aethoch i edrych ar y wefan,,
app/templates/static/cookies-privacy.html:89 app/themes/social/templates/static/cookies-privacy.html:89,What you click on while you’re visiting the site,Yr hyn rydych yn clicio arno wrth edrych ar y wefan,,
app/templates/static/cookies-privacy.html:92 app/themes/social/templates/static/cookies-privacy.html:92,We don’t use Google Analytics to collect or store your personal information (for example your name or address).,"Nid ydym yn defnyddio Google Analytics i gasglu neu storio eich gwybodaeth bersonol (er enghraifft, eich enw neu'ch cyfeiriad).",,
app/templates/static/cookies-privacy.html:94 app/themes/social/templates/static/cookies-privacy.html:94,"The information we collect through our cookies does not include personal details such as your name, age, telephone number, postal address or email address, nor does it allow personal identification of a user.","Nid yw'r wybodaeth rydym yn ei chasglu trwy ein cwcis yn cynnwys manylion personol fel eich enw, oedran, rhif ffôn, cyfeiriad post neu gyfeiriad e-bost, ac nid yw'n caniatáu enwi defnyddiwr.",,
app/templates/static/cookies-privacy.html:96 app/themes/social/templates/static/cookies-privacy.html:96,You can manage these small files yourself and learn more about them through <a %(href)s>internet browser cookies – what they are and how to manage them.</a>,Gallwch chi reoli'r ffeiliau bach hyn eich hun a dysgu mwy amdanynt trwy <a %(href)s> gwcis porwr rhyngrwyd - beth ydyn nhw a sut i'w rheoli. </a>,,
app/templates/static/cookies-privacy.html:98,Find out more information,Cael mwy o wybodaeth,,
app/templates/static/cookies-privacy.html:100,"If you have any questions about this privacy statement, you can contact us at %(email_link)s","Os oes gennych unrhyw gwestiynau am y datganiad preifatrwydd hwn, gallwch gysylltu â ni yn % (email_link)s",,
app/templates/static/cookies-privacy.html:105 app/themes/social/templates/static/cookies-privacy.html:100,Universal Analytics,Dadansoddiadau Cyffredinol,,
app/templates/static/cookies-privacy.html:110 app/templates/static/cookies-privacy.html:142 app/templates/static/cookies-privacy.html:166 app/themes/social/templates/static/cookies-privacy.html:105 app/themes/social/templates/static/cookies-privacy.html:137,Name,Enw ,,
app/templates/static/cookies-privacy.html:111 app/templates/static/cookies-privacy.html:143 app/templates/static/cookies-privacy.html:167 app/templates/static/cookies-privacy.html:336 app/themes/social/templates/static/cookies-privacy.html:106 app/themes/social/templates/static/cookies-privacy.html:138 app/themes/social/templates/static/cookies-privacy.html:249,Purpose,Diben,,
app/templates/static/cookies-privacy.html:112 app/templates/static/cookies-privacy.html:144 app/templates/static/cookies-privacy.html:168 app/themes/social/templates/static/cookies-privacy.html:107 app/themes/social/templates/static/cookies-privacy.html:139,Expires,Yn dod i ben,,
app/templates/static/cookies-privacy.html:117 app/templates/static/cookies-privacy.html:122 app/themes/social/templates/static/cookies-privacy.html:112 app/themes/social/templates/static/cookies-privacy.html:117,This helps us count how many people visit our website by tracking if you’ve visited before,Mae hyn yn ein helpu i gyfrif faint o bobl sy'n ymweld â'n gwefan trwy gadw cofnod os ydych wedi edrych arni o'r blaen,,
app/templates/static/cookies-privacy.html:118 app/themes/social/templates/static/cookies-privacy.html:113,2 years,2 flynedd,,
app/templates/static/cookies-privacy.html:123 app/themes/social/templates/static/cookies-privacy.html:118,24 hours,24 awr,,
app/templates/static/cookies-privacy.html:127 app/themes/social/templates/static/cookies-privacy.html:122,Used to manage the rate at which page view requests are made,Defnyddir i reoli'r gyfradd y gwneir ceisiadau edrych ar dudalen ,,
app/templates/static/cookies-privacy.html:128 app/themes/social/templates/static/cookies-privacy.html:123,10 minutes,10 munud,,
app/templates/static/cookies-privacy.html:136 app/themes/social/templates/static/cookies-privacy.html:131,Completing a survey (eq.ons.gov.uk),Cwblhau arolwg (eq.ons.gov.uk),,
app/templates/static/cookies-privacy.html:149 app/themes/social/templates/static/cookies-privacy.html:144,Session,Sesiwn,,
app/templates/static/cookies-privacy.html:150 app/themes/social/templates/static/cookies-privacy.html:145,To keep you signed in when completing a survey,I'ch cadw wedi mewngofnodi wrth gwblhau arolwg,,
app/templates/static/cookies-privacy.html:151 app/themes/social/templates/static/cookies-privacy.html:146,When a user logs out or closes the browser. Or when their cookie cache is cleared,Pan fydd defnyddiwr yn allgofnodi neu'n cau'r porwr. Neu pan fydd eu storfa cwcis yn cael ei chlirio,,
app/templates/static/cookies-privacy.html:160,Your account,Eich cyfrif,,
app/templates/static/cookies-privacy.html:174,To check that your browser can support cookies,I wirio bod eich porwr yn gallu cefnogi cwcis,,
app/templates/static/cookies-privacy.html:175 app/templates/static/cookies-privacy.html:182 app/templates/static/cookies-privacy.html:189 app/templates/static/cookies-privacy.html:210 app/templates/static/cookies-privacy.html:217 app/templates/static/cookies-privacy.html:224,When a user closes the browser or when their cookie cache is cleared,Pan fydd defnyddiwr yn cau'r porwr neu pan fydd eu storfa cwcis yn cael ei chlirio,,
app/templates/static/cookies-privacy.html:180,To store your preferred language so that certain content can be displayed in your own language,I storio'r iaith sydd yn well gennych fel y gall peth cynnwys gael ei arddangos yn eich iaith eich hun,,
app/templates/static/cookies-privacy.html:187,To keep your session active when using your account to access portfolio and messages,I gadw'ch sesiwn yn weithredol wrth ddefnyddio'ch cyfrif i gael mynediad i bortffolio a negeseuon,,
app/templates/static/cookies-privacy.html:194,To store an encrypted identifier which is used to retrieve the information associated to your account,I storio dynodwr amgryptiedig a ddefnyddir i adfer y wybodaeth sy'n gysylltiedig â'ch cyfrif,,
app/templates/static/cookies-privacy.html:196 app/templates/static/cookies-privacy.html:203,When a user logs out or closes the browser or when their cookie cache is cleared,Pan fydd defnyddiwr yn allgofnodi neu'n cau'r porwr neu pan fydd eu storfa cwcis yn cael ei chlirio,,
app/templates/static/cookies-privacy.html:201,To store an identifier which is used to retrieve the permissions associated to your account,I storio dynodwr a ddefnyddir i adfer y caniatâd sy'n gysylltiedig â'ch cyfrif,,
app/templates/static/cookies-privacy.html:208,To store the universally unique identifier created for your account,I storio'r dynodwr unigryw cyffredinol a grëwyd ar gyfer eich cyfrif,,
app/templates/static/cookies-privacy.html:215,To store the timestamp of the last request so that the session expiry warning message can be displayed,I storio stamp amser y cais olaf fel bod modd dangos y neges rhybudd dod â'r sesiwn i ben,,
app/templates/static/cookies-privacy.html:222,To store the flash object identifier for the most recent action you have performed,I storio dynodwr y gwrthrych fflach ar gyfer y weithred ddiweddaraf rydych wedi'i pherfformio,,
app/templates/static/cookies-privacy.html:230 app/themes/social/templates/static/cookies-privacy.html:155,Data controller,Rheolwr data,,
app/templates/static/cookies-privacy.html:233 app/themes/social/templates/static/cookies-privacy.html:158,The Data Controller for ONS Surveys is,Y Rheolwr Data ar gyfer Arolygon SYG yw,,
app/templates/static/cookies-privacy.html:234 app/themes/social/templates/static/cookies-privacy.html:160,For questions regarding the Survey Data Collection service please contact us on,"Ar gyfer cwestiynau ynghylch y gwasanaeth Casglu Data Arolwg, cysylltwch â ni ar",,
app/templates/static/cookies-privacy.html:238 app/themes/social/templates/static/cookies-privacy.html:164,Why we collect your data,Pam rydym yn casglu'ch data,,
app/templates/static/cookies-privacy.html:241 app/themes/social/templates/static/cookies-privacy.html:167,The Survey Data Collection service is used as the online collection mechanism for a number of our surveys. More surveys will be offered via this service over time.,Defnyddir gwasanaeth Casglu Data'r Arolwg fel y dull casglu ar-lein ar gyfer nifer o'n harolygon. Cynigir mwy o arolygon trwy'r gwasanaeth hwn dros amser.,,
app/templates/static/cookies-privacy.html:242,"Individual survey teams are responsible for the content (the questions asked) and form (Excel spreadsheet to download, complete and return; or online questionnaire) of their respective surveys. Survey Data Collection does need some personal data in its own right for the functioning of the platform.","Mae timau arolwg unigol yn gyfrifol am y cynnwys (y cwestiynau a ofynnir) a ffurf (taenlen Excel i’w lawrlwytho, ei chwblhau a’i dychwelyd) o’u harolygon priodol. Mae angen peth data personol ar Gaglu Data’r Arolwg ynddo’i hun ar gyfer gweithredu’r llwyfan.  ",,
app/templates/static/cookies-privacy.html:243,"The lawful reason for which your personal data is collected through the Survey Data Collection platform is Public task. The processing is necessary for us to perform a task in the public interest or for our official functions, and the task or function has a clear basis in law.","Y rheswm cyfreithiol y cesglir eich data personol trwy lwyfan Casglu Data’r Arolwg yw Tasg gyhoeddus. Mae’r prosesu’n angenrheidiol i ni berfformio tasg er lles y cyhoedd neu ar gyfer ein swyddogaethau swyddogol, a bod gan y dasg neu’r swyddogaeth sail gadarn yn y  gyfraith.",,
app/templates/static/cookies-privacy.html:246 app/themes/social/templates/static/cookies-privacy.html:172,When we collect your data,Pryd rydym yn casglu eich data,,
app/templates/static/cookies-privacy.html:249 app/themes/social/templates/static/cookies-privacy.html:175,Your data is collected when,Cesglir eich data pan fyddwch,,
app/templates/static/cookies-privacy.html:251,you create an account and sign in to the ONS Surveys platform,yn creu cyfrif ac yn mewngofnodi i lwyfan Arolygon y SYG,,
app/templates/static/cookies-privacy.html:252 app/themes/social/templates/static/cookies-privacy.html:178,you complete a survey,yn cwblhau arolwg,,
app/templates/static/cookies-privacy.html:253 app/themes/social/templates/static/cookies-privacy.html:179,you contact us by any means,yn cysylltu â ni mewn unrhyw fodd,,
app/templates/static/cookies-privacy.html:254 app/themes/social/templates/static/cookies-privacy.html:180,you visit a website that comprises the Survey Data Collection platform,yn ymweld â gwefan sy'n cynnwys y llwyfan Casglu Data'r Arolwg,,
app/templates/static/cookies-privacy.html:258 app/themes/social/templates/static/cookies-privacy.html:184,What data we collect,Pa ddata rydym yn eu casglu,,
app/templates/static/cookies-privacy.html:261 app/themes/social/templates/static/cookies-privacy.html:187,Personal data items required for the operation of the Survey Data Collection Platform,Eitemau data personol sydd eu hangen ar gyfer gweithredu Llwyfan Casglu Data'r Arolwg,,
app/templates/static/cookies-privacy.html:266 app/themes/social/templates/static/cookies-privacy.html:192,Data item,Eitem data,,
app/templates/static/cookies-privacy.html:267 app/templates/static/cookies-privacy.html:337 app/themes/social/templates/static/cookies-privacy.html:193 app/themes/social/templates/static/cookies-privacy.html:250,Description,Disgrifiad,,
app/templates/static/cookies-privacy.html:272 app/templates/static/cookies-privacy.html:312 app/themes/social/templates/static/cookies-privacy.html:225,Email address,Cyfeiriad e-bost,,
app/templates/static/cookies-privacy.html:274,Survey Data Collection captures and stores the email address of those who register with the platform. Registration is required in order to complete a survey return.,Mae Casglu Data'r Arolwg yn casglu ac yn storio cyfeiriad e-bost y rhai sy'n cofrestru gyda'r llwyfan. Mae angen cofrestru er mwyn cwblhau arolwg.,,
app/templates/static/cookies-privacy.html:275,Email address is used as a unique user identifier. Once registered the email address and password created is required to identify you each time you use the service.,"Defnyddir cyfeiriad e-bost fel dynodwr defnyddiwr unigryw. Ar ôl cofrestru, gofynnir am eich cyfeiriad e-bost a'r cyfrinair i'ch adnabod bob tro y byddwch yn defnyddio'r gwasanaeth.",,
app/templates/static/cookies-privacy.html:276,"Additionally, the email address is used to send communications for purposes of account management and reminders of survey responses.","Yn ogystal, defnyddir y cyfeiriad e-bost i anfon cyfathrebiadau at ddibenion rheoli cyfrifon a nodiadau atgoffa ynghylch ymatebion i'r arolwg.",,
app/templates/static/cookies-privacy.html:280,Business Name,Enw Busnes,,
app/templates/static/cookies-privacy.html:282,Business names are pre-loaded into the Survey Data Collection platform as part of a business having been selected for a survey.,Llwythir enwau busnes ymlaen llaw i lwyfan Casglu Data'r Arolwg fel rhan o fusnes a ddewiswyd ar gyfer arolwg.,,
app/templates/static/cookies-privacy.html:283,The name of the business that has been selected for a given survey will have been provided to Survey Data Collection by another part of the Office for National Statistics responsible for the survey in question. Survey Data Collection stores and processes this.,Bydd enw'r fusnes a ddewiswyd ar gyfer arolwg penodol wedi'i roi i Gasglu Data'r Arolwg gan ran arall o'r Swyddfa Ystadegau Gwladol sy'n gyfrifol am yr arolwg dan sylw. Mae Casglu Data'r Arolwg yn storio ac yn prosesu hyn.,,
app/templates/static/cookies-privacy.html:287 app/themes/social/templates/static/cookies-privacy.html:198,IP address,Cyfeiriad IP,,
app/templates/static/cookies-privacy.html:289 app/themes/social/templates/static/cookies-privacy.html:200,Internet Protocol address,Cyfeiriad Protocol y Rhyngrwyd,,
app/templates/static/cookies-privacy.html:290 app/themes/social/templates/static/cookies-privacy.html:201,All devices connected to the internet will have an IP address and this is used for one device (e.g. the computer you use to provide a survey response at your place of work) to be able to talk to another (e.g. the Survey Data Collection web site) over the internet.,Bydd gan bob dyfais a gysylltwyd â’r rhyngrwyd gyfeiriad IP ac fe’i defnyddir ar gyfer un ddyfais (e.e. y cyfrifiadur a ddefnyddir gennych i roi ymateb arolwg yn eich gweithle) i allu siarad ag un arall (e.e. gwefan Casglu Data’r Arolwg) dros y rhyngrwyd.,,
app/templates/static/cookies-privacy.html:291 app/themes/social/templates/static/cookies-privacy.html:202,The logs of IP address activity against the Survey Data Collection service are kept for a limited period of time to facilitate investigations in the case of any problems.,Cedwir cofnodion gweithgarwch cyfeiriad IP yn erbyn gwasanaeth Casglu Data’r Arolwg am gyfnod cyfyngedig i hwyluso ymchwiliadau pan geir problemau.,,
app/templates/static/cookies-privacy.html:297 app/themes/social/templates/static/cookies-privacy.html:208,Surveys that are conducted on the Survey Data Collection platform may collect additional items of personal data.,Gall arolygon a gynhelir ar lwyfan Casglu Data'r Arolwg gasglu eitemau ychwanegol o ddata personol.,,
app/templates/static/cookies-privacy.html:299,Business surveys that require personal data,Arolygon busnes y mae angen data personol arnynt,,
app/templates/static/cookies-privacy.html:300,Annual Survey of Hours and Earnings,Arolwg Blynyddol o Oriau ac Enillion ,,
app/templates/static/cookies-privacy.html:301,The legal basis for undertaking the Annual Survey of Hours and Earnings (ASHE) is the Statistics of Trade Act 1947. This means the General Data Protection Regulation has not changed the fact that this is mandatory for the organisations selected to be part of the sample. The personal data an organisation returns as part of this submission does not require the permission of the employees who form the data subjects and the subjects do not have any option to opt-out. The ASHE survey collects the following items of personal data, Y sail gyfreithiol ar gyfer cynnal yr Arolwg Blynyddol o Oriau ac Enillion (ASHE) yw Deddf Ystadegau Masnach 1947. Mae hyn yn golygu nad yw’r Rheoliad Diogelu Data Cyffredinol wedi newid y ffaith bod hyn yn orfodol ar gyfer y sefydliadau a ddewiswyd i fod yn rhan o’r sampl. Nid yw’r data personol y mae sefydliad yn eu dychwelyd fel rhan o’r cyflwyniad hwn yn gofyn am ganiatâd y cyflogeion sy’n ffurfio gwrthrychau’r data ac nid oes gan y gwrthrychau unrhyw opsiwn i dynnu allan. Mae arolwg ASHE yn casglu’r eitemau canlynol o ddata personol,,
app/templates/static/cookies-privacy.html:303,National insurance number,Rhif yswiriant cenedlaethol,,
app/templates/static/cookies-privacy.html:304 app/themes/social/templates/static/cookies-privacy.html:215,Date of birth,Dyddiad geni,,
app/templates/static/cookies-privacy.html:305,Postcode,Cod post,,
app/templates/static/cookies-privacy.html:308 app/themes/social/templates/static/cookies-privacy.html:221,Communication outside of the Survey Data Collection Platform,Cyfathrebu'r tu allan i Lwyfan Casglu Data'r Arolwg,,
app/templates/static/cookies-privacy.html:309 app/themes/social/templates/static/cookies-privacy.html:222,The Survey Data Collection platform contains both a telephone number and email address which can be used for both queries and issues with the platform and survey hosted on the platform.,Mae llwyfan Casglu Data'r Arolwg yn cynnwys rhif ffôn yn ogystal â chyfeiriad e-bost y gellir eu defnyddio ar gyfer ymholiadau'n ogystal â phroblemau gyda'r llwyfan a'r arolwg a geir ar y llwyfan.,,
app/templates/static/cookies-privacy.html:310 app/themes/social/templates/static/cookies-privacy.html:223,"If you contact us via email, we will process the following data items","Os byddwch yn cysylltu â ni drwy e-bost, byddwn yn prosesu'r eitemau data canlynol",,
app/templates/static/cookies-privacy.html:313 app/themes/social/templates/static/cookies-privacy.html:226,IP address of the server from which the email was sent,Cyfeiriad IP y gweinyddwr yr anfonwyd yr e-bost ohono,,
app/templates/static/cookies-privacy.html:314 app/themes/social/templates/static/cookies-privacy.html:227,Any items of personal data within the email,Unrhyw eitemau o ddata personol o fewn yr e-bost,,
app/templates/static/cookies-privacy.html:317 app/themes/social/templates/static/cookies-privacy.html:230,"If you contact us via telephone, we will process the following data items","Os byddwch yn cysylltu â ni drwy ffonio, byddwn yn prosesu'r eitemau data canlynol",,
app/templates/static/cookies-privacy.html:319 app/themes/social/templates/static/cookies-privacy.html:232,Telephone number,Rhif ffôn,,
app/templates/static/cookies-privacy.html:320 app/themes/social/templates/static/cookies-privacy.html:233,Name of the caller,Enw'r galwr,,
app/templates/static/cookies-privacy.html:321 app/themes/social/templates/static/cookies-privacy.html:234,Any items of personal data disclosed during the call,Unrhyw eitemau o ddata personol a ddatgelir yn ystod yr alwad,,
app/templates/static/cookies-privacy.html:326 app/themes/social/templates/static/cookies-privacy.html:239,Who we share your personal data with,Gyda phwy rydym yn rhannu eich data personol ,,
app/templates/static/cookies-privacy.html:329 app/themes/social/templates/static/cookies-privacy.html:242,We use several (1st and 3rd) parties to collect and process personal data. These include (but are not limited to) government departments and approved researchers. Further information can be found on the following articles,Rydym yn defnyddio sawl parti (1af a 3ydd) i gasglu a phrosesu data personol. Mae’r rhain yn cynnwys (ond nid ydynt yn gyfyngedig i) adrannau’r llywodraeth ac ymchwilwyr cymeradwy. Gellir dod o hyd i fwy o wybodaeth yn yr erthyglau canlynol,,
app/templates/static/cookies-privacy.html:330 app/themes/social/templates/static/cookies-privacy.html:243,Approved Researcher Scheme,Cynllun Ymchwilwyr Cymeradwy,,
app/templates/static/cookies-privacy.html:331 app/themes/social/templates/static/cookies-privacy.html:244,Access to unpublished ONS research data by government organisations for statistical research,Mynediad i ddata ymchwil y SYG heb eu cyhoeddi gan sefydliadau'r llywodraeth ar gyfer ymchwil ystadegol,,
app/templates/static/cookies-privacy.html:332 app/themes/social/templates/static/cookies-privacy.html:245,Data is also processed by 3rd party IT companies who support our systems for the following purposes,Mae data hefyd yn cael eu prosesu gan gwmnïau TG trydydd parti sy'n cefnogi ein systemau at y dibenion canlynol,,
app/templates/static/cookies-privacy.html:342 app/themes/social/templates/static/cookies-privacy.html:255,Cloud infrastructure,Isadeiledd cwmwl,,
app/templates/static/cookies-privacy.html:343 app/themes/social/templates/static/cookies-privacy.html:256,Used to support the platform on which the Survey Data Collection service runs.,Fe'u defnyddir i gefnogi'r llwyfan y mae gwasanaeth Casglu Data'r Arolwg yn ei gynnal.,,
app/templates/static/cookies-privacy.html:346,Email notification service,Gwasanaeth hysbysu e-bost,,
app/templates/static/cookies-privacy.html:347,A service used to send email messages to the active accounts registered to the Survey Data Collection service.,Gwasanaeth a ddefnyddir i anfon negeseuon e-bost i'r cyfrifon gweithredol a gofrestrwyd i wasanaeth Casglu Data'r Arolwg.,,
app/templates/static/cookies-privacy.html:350 app/themes/social/templates/static/cookies-privacy.html:259,Secure file transfer,Trosglwyddo ffeil yn ddiogel,,
app/templates/static/cookies-privacy.html:351,This is used for the behind the scenes transfer of data that identify the businesses that have been selected for participation in a given survey.,Fe'i defnyddir ar gyfer trosglwyddo data tu ôl i'r llenni sy'n nodi'r busnesau sydd wedi'u dewis ar gyfer cymryd rhan mewn arolwg penodol.,,
app/templates/static/cookies-privacy.html:358 app/themes/social/templates/static/cookies-privacy.html:267,How long we keep your data,Pa mor hir rydym yn cadw eich data,,
app/templates/static/cookies-privacy.html:361 app/themes/social/templates/static/cookies-privacy.html:270,Log Retention,Cadw Cofnod,,
app/templates/static/cookies-privacy.html:362 app/themes/social/templates/static/cookies-privacy.html:271,Standard logs from the Survey Data Collection service are retained for a period of 30 days. Exceptional events may be retained for longer.,Cedwir cofnodion sylfaenol gan wasanaeth Casglu Data'r Arolwg am gyfnod o 30 niwrnod. Gellir cadw digwyddiadau arbennig am gyfnod hwy.,,
app/templates/static/cookies-privacy.html:363,Our general retention period for data collected via annual surveys is 3 years.,Ein cyfnod cadw cyffredinol ar gyfer data a gesglir drwy arolygon blynyddol yw 3 blynedd. ,,
app/templates/static/cookies-privacy.html:364,Personal data used for account access will be retained as long as the account is active.,Cedwir data personol a ddefnyddir ar gyfer mynediad i gyfrif cyhyd ag y bo'r cyfrif yn weithredol.,,
app/templates/static/cookies-privacy.html:368 app/themes/social/templates/static/cookies-privacy.html:276,Your rights over your personal data,Eich hawliau dros eich data personol,,
app/templates/static/cookies-privacy.html:371 app/themes/social/templates/static/cookies-privacy.html:279,The General Data Protection Regulation (GDPR) details eight rights of individuals,Mae'r Rheoliad Diogelu Data Cyffredinol (GDPR) yn rhoi manylion wyth hawl sydd gan unigolion,,
app/templates/static/cookies-privacy.html:373 app/themes/social/templates/static/cookies-privacy.html:281,The right to be informed,Yr hawl i gael eu hysbysu,,
app/templates/static/cookies-privacy.html:374 app/themes/social/templates/static/cookies-privacy.html:282,The right of access,Yr hawl mynediad,,
app/templates/static/cookies-privacy.html:375 app/themes/social/templates/static/cookies-privacy.html:283,The right to rectification,Yr hawl i gywiro,,
app/templates/static/cookies-privacy.html:376 app/themes/social/templates/static/cookies-privacy.html:284,The right to erasure,Yr hawl i ddileu,,
app/templates/static/cookies-privacy.html:377 app/themes/social/templates/static/cookies-privacy.html:285,The right to restrict processing,Yr hawl i gyfyngu prosesu,,
app/templates/static/cookies-privacy.html:378 app/themes/social/templates/static/cookies-privacy.html:286,The right to data portability,Yr hawl i gludadwyedd data,,
app/templates/static/cookies-privacy.html:378 app/themes/social/templates/static/cookies-privacy.html:286,This right only exists if the lawful basis used is either consent or contract. Neither the Survey Data Collection service nor any surveys hosted on this platform rely on either of the lawful basis and therefore this right is not applicable.,Mae’r hawl hwn yn bodoli’n unig os yw’r sail gyfreithiol a ddefnyddir yn naill ai’n ganiatâd neu’n gytundeb. Nid yw naill ai gwasanaeth Casglu Data’r Arolwg neu unrhyw arolygon a geir ar y llwyfan hwn yn dibynnu ar y naill neu'r llall o’r sail gyfreithiol ac felly nid yw’r hawl hwn yn gymwys.,,
app/templates/static/cookies-privacy.html:379 app/themes/social/templates/static/cookies-privacy.html:287,The right to object,Yr hawl i wrthwynebu,,
app/templates/static/cookies-privacy.html:380 app/themes/social/templates/static/cookies-privacy.html:288,Rights in relation to automated decision making and profiling.,Hawliau sy'n gysylltiedig â gwneud penderfyniadau awtomatig a phroffilio.,,
app/templates/static/cookies-privacy.html:380 app/themes/social/templates/static/cookies-privacy.html:288,No automated decision making or profiling occurs at the personal level.,Nid oes unrhyw wneud penderfyniadau awtomatig neu broffilio'n digwydd ar y lefel bersonol.,,
app/templates/static/cookies-privacy.html:382 app/themes/social/templates/static/cookies-privacy.html:290,These rights are subject to exemptions.,Mae'r hawliau hyn yn amodol i eithriadau,,
app/templates/static/cookies-privacy.html:386 app/themes/social/templates/static/cookies-privacy.html:294,Contacting the Data Protection Office,Cysylltu â'r Swyddfa Diogelu Data,,
app/templates/static/cookies-privacy.html:389 app/themes/social/templates/static/cookies-privacy.html:297,The Data Protection Officer for the Office for National Statistics can be contacted as follows,Gellir cysylltu â'r Swyddog Diogelu Data ar gyfer y Swyddfa Ystadegau Cenedlaethol fel a ganlyn,,
app/templates/static/cookies-privacy.html:395 app/themes/social/templates/static/cookies-privacy.html:303,Contacting the Information Commissioner’s Office,Cysylltu â Swyddfa'r Comisiynydd Gwybodaeth,,
app/templates/static/cookies-privacy.html:398 app/themes/social/templates/static/cookies-privacy.html:306,"We welcome the opportunity to be able to answer any questions or concerns you may have around the information provided here. If you are unhappy with our response to any of your requests or you have concerns around how your data has been handled, you have the right to lodge a complaint with the Information Commissioner’s Office.","Rydym yn croesawu’r cyfle i fedru ateb unrhyw gwestiynau neu bryderon a allai fod gennych ynghylch y wybodaeth a ddarperir yma. Os byddwch yn anhapus gyda’n hymateb i unrhyw un o’ch ceisiadau neu os bydd gennych bryderon ynghylch sut y trafodwyd eich data, mae gennych yr hawl i gwyno i Swyddfa’r Comisiynydd Gwybodaeth.",,
app/templates/static/cookies-privacy.html:401 app/themes/social/templates/static/cookies-privacy.html:309,The Information Commissioner’s Office provides guidance to the public on raising a concern with an organisation at the following location,Mae Swyddfa'r Comisiynydd Gwybodaeth yn rhoi arweiniad i'r cyhoedd ynghylch trafod pryder gyda sefydliad yn y lleoliad canlynol,,
app/themes/census/templates/introduction.html:25,Help finding your access code,Help i ddod o hyd i'ch cod mynediad,,
app/themes/census/templates/introduction.html:38,Need help? More information about the Census,Angen help? Mwy o wybodaeth am y Cyfrifiad,,
app/themes/social/templates/thank-you.html:12,Your information has been submitted. You can now close this page,Cyflwynwyd eich gwybodaeth. Gallwch nawr gau'r dudalen hon,,
app/themes/social/templates/thank-you.html:35,More information on how we use data we have collected,Mwy o wybodaeth ynghylch sut rydym yn defnyddio'r data rydym wedi'u casglu,,
app/themes/social/templates/static/contact-us.html:4 app/themes/social/templates/static/cookies-privacy.html:3,ONS Social Surveys,Arolygon Cymdeithasol y SYG,,
app/themes/social/templates/static/contact-us.html:39,Monday to Thursday 9am – 9pm,Dydd Llun i ddydd Iau 9am - 9pm,,
app/themes/social/templates/static/contact-us.html:40,Friday 9am - 8pm,Dydd Gwener 9am - 8pm,,
app/themes/social/templates/static/contact-us.html:41,Saturday 9am - 1pm,Dydd Sadwrn 9am - 1pm,,
app/themes/social/templates/static/cookies-privacy.html:29,The Office for National Statistics (ONS) has created this cookies and privacy statement to demonstrate our firm commitment to privacy.,Mae'r Swyddfa Ystadegau Gwladol (SYG) wedi creu'r cwcis a'r datganiad preifatrwydd hwn er mwyn dangos ein hymrwymiad cadarn i breifatrwydd.,,
app/themes/social/templates/static/cookies-privacy.html:31,"The following is a description of what data is collected when you complete one of our online studies, how the data is stored and what it is used for.","Mae'r canlynol yn ddisgrifiad o ba ddata a gesglir pan fyddwch chi'n cwblhau un o'n hastudiaethau ar-lein, sut y storir y data ac i ba ddiben y maent yn cael eu defnyddio.",,
app/themes/social/templates/static/cookies-privacy.html:39,Your privacy is very important to us. We comply with confidentiality requirements set out in the Statistics and Registration Service Act 2007 and the Data Protection Act 2018.,Mae eich preifatrwydd yn bwysig iawn i ni. Rydym yn cydymffurfio â gofynion cyfrinachedd a nodir yn Neddf y Gwasanaeth Ystadegau a Chofrestru 2007 a Deddf Diogelu Data 2018.,,
app/themes/social/templates/static/cookies-privacy.html:168,Individual survey teams are responsible for the content (the questions asked) of their respective surveys. Survey Data Collection does need some personal data in its own right for the functioning of the platform.,Mae timau arolwg unigol yn gyfrifol am y cynnwys (y cwestiynau a ofynnir) o’u harolygon priodol. Mae angen peth data personol ar Gaglu Data’r Arolwg ynddo’i hun ar gyfer gweithredu’r llwyfan,,
app/themes/social/templates/static/cookies-privacy.html:169,UK legislation allows us to collect and process your data to produce statistics for the public good. Your information will be treated as confidential by the Code of Practice for Official Statistics.,Mae deddfwriaeth y DU yn caniatáu i ni gasglu a phrosesu eich data i gynhyrchu ystadegau er lles y cyhoedd. Trinnir eich gwybodaeth fel un gyfrinachol gan y Cod Ymarfer ar gyfer Ystadegau Swyddogol.,,
app/themes/social/templates/static/cookies-privacy.html:177,you sign in to the ONS Surveys platform,rydych yn mewngofnodi i lwyfan Arolygon y SYG,,
app/themes/social/templates/static/cookies-privacy.html:211,Online Household Study,Astudiaeth Cartrefi Ar-lein,,
app/themes/social/templates/static/cookies-privacy.html:213,"The Online Household Study is a UK-wide online study which covers a range of topics including work, retirement, higher education, unemployment and looking after the family or home. The study collects the following items of personal data","Mae’r Astudiaeth Cartrefi Ar-lein yn astudiaeth ar-lein ledled y DU sy’n cynnwys amrywiaeth o bynciau gan gynnwys gwaith, ymddeol, addysg uwch, diweithdra a gofalu am y teulu neu’r cartref. Mae’r astudiaeth yn casglu’r eitemau canlynol o ddata personol",,
app/themes/social/templates/static/cookies-privacy.html:219,"Participating in the study, as well as specific questions within the study, is voluntary.","Mae cymryd rhan yn yr astudiaeth, yn ogystal â chwestiynau penodol o fewn yr astudiaeth, yn wirfoddol.",,
app/themes/social/templates/static/cookies-privacy.html:260,This is used for the behind the scenes transfer of data that identify the households that have been selected for participation in a given survey.,Fe'i defnyddir ar gyfer trosglwyddo data tu ôl i'r llenni sy'n nodi'r cartrefi sydd wedi'u dewis ar gyfer cymryd rhan mewn arolwg penodol.,,
app/themes/social/templates/static/cookies-privacy.html:272,Our general retention period for data collected via social surveys is 5 years.,5 mlynedd yw ein cyfnod cadw cyffredinol o ddata a gasglwyd drwy arolygon cymdeithasol.,,
app/validation/error_messages.py:5 app/validation/error_messages.py:6 app/validation/error_messages.py:7,Enter an answer to continue.,Nodwch ateb i barhau.,,
app/validation/error_messages.py:8 app/validation/error_messages.py:9,Select an answer to continue.,Dewiswch ateb i barhau.,,
app/validation/error_messages.py:10,Select all that apply to continue.,Dewiswch bopeth sy'n gymwys i barhau.,,
app/validation/error_messages.py:11,Enter a date to continue.,Nodwch ddyddiad i barhau.,,
app/validation/error_messages.py:12,Enter a duration to continue.,Nodwch gyfnod o amser i barhau.,,
app/validation/error_messages.py:13,Enter an answer more than or equal to %(min)s.,Nodwch ateb mwy na neu'n hafal i %(min)s.,,
app/validation/error_messages.py:14,Enter an answer less than or equal to %(max)s.,Nodwch ateb llai na neu'n hafal i %(max)s.,,
app/validation/error_messages.py:15,Enter an answer more than %(min)s.,Nodwch ateb mwy na %(min)s.,,
app/validation/error_messages.py:16,Enter an answer less than 4r.,Nodwch ateb llai na 4r.,,
app/validation/error_messages.py:17,Enter answers that add up to %(total)s,Nodwch atebion sy'n adio hyd at %(total)s.,,
app/validation/error_messages.py:18,Enter answers that add up to or are less than %(total)s,Nodwch atebion sy'n adio hyd at neu sy'n llai na %(total)s,,
app/validation/error_messages.py:19,Enter answers that add up to less than %(total)s,Nodwch atebion sy'n adio hyd at lai na %(total)s,,
app/validation/error_messages.py:20,Enter answers that add up to greater than %(total)s,Nodwch atebion sy'n adio hyd at fwy na %(total)s,,
app/validation/error_messages.py:21,Enter answers that add up to or are greater than %(total)s,Nodwch atebion sy'n adio hyd at neu sy'n fwy na %(total)s,,
app/validation/error_messages.py:22,Enter a number.,Nodwch rif.,,
app/validation/error_messages.py:23,Enter a whole number.,Nodwch gyfanrif.,,
app/validation/error_messages.py:24,Enter a number rounded to %(max)d decimal places.,Nodwch rif a ddalgrynnir %(max)d i bwyntiau digid.,,
app/validation/error_messages.py:25,"Your answer is too long, it has to be less than %(max)d characters.","Mae eich ateb yn rhy hir, rhaid iddo fod yn llai na %(max)d o lythrennau ",,
app/validation/error_messages.py:26,Enter a valid date.,Nodwch ddyddiad dilys,,
app/validation/error_messages.py:27,Enter a 'period to' date later than the 'period from' date.,Nodwch ddyddiad 'cyfnod i' yn hwyrach na'r dyddiad 'cyfnod o'.,,
app/validation/error_messages.py:28,Enter a valid duration.,Nodwch gyfnod o amser dilys,,
app/validation/error_messages.py:29,Enter a reporting period greater than or equal to %(min)s.,Nodwch gyfnod adrodd sy'n fwy na neu'n hafal i %(min)s.,,
app/validation/error_messages.py:30,Enter a reporting period less than or equal to %(max)s.,Nodwch gyfnod adrodd sy'n llai na neu'n hafal i %(max)s.,,
app/validation/error_messages.py:31,Enter a date after %(min)s.,Nodwch ddyddiad ar ôl %(min)s.,,
app/validation/error_messages.py:32,Enter a date before %(max)s.,Nodwch ddyddiad cyn %(max)s.,,
app/validation/error_messages.py:33,"Uncheck %(non_exclusives)s or ""%(exclusive)s"" to continue","Dad-diciwch %(non_exclusives)s neu ""%(exclusive)s"" i barhau",,
app/validation/validators.py:301,%(num)s day,%(num)s diwrnod,,
app/validation/validators.py:301,%(num)s days,%(num)s o ddiwrnodau,,
app/validation/validators.py:375,%(list_of_answers)s and %(last_answer)s,%(list_of_answers)s a %(last_answer)s,,
